CarNumber,SURNAME
Y163O8161RUS,JAMES
E432XX77RUS,HUGHES
7184TT36RUS,ORTIZ
X582HE161RUS,THOMAS
92918M178RUS,REYES
H234YH197RUS,CAMPBELL
E40577152RUS,BAILEY
707987163RUS,MARTINEZ
K330T8197RUS,BENNETT
X786CO96RUS,WOOD
C477M7161RUS,HOWARD
O21997197RUS,PARKER
M592CH197RUS,REED
9020YC197RUS,REYES
8182XX154RUS,PATEL
7830C8197RUS,PETERSON
7066C8197RUS,YOUNG
M298CH161RUS,SMITH
E445TC197RUS,ORTIZ
8440XX154RUS,EVANS
9371CE154RUS,TAYLOR
9182CE154RUS,ROBINSON
83298C154RUS,BROOKS
Y7659C197RUS,MORRIS
C922YE197RUS,ORTIZ
7364C8197RUS,MARTINEZ
M5039X197RUS,REYES
8603T8154RUS,COOK
92928M178RUS,TAYLOR
O672E8197RUS,PRICE
E42277152RUS,CAMPBELL
C903MC161RUS,WILLIAMS
T7318T163RUS,HALL
Y7719C197RUS,WHITE
T011MY163RUS,CASTILLO
H115YO163RUS,CLARK
73467Y96RUS,MOORE
O134HE197RUS,PATEL
H968HY161RUS,JOHNSON
Y654E8750RUS,FLORES
H963HY161RUS,LEE
H232YH197RUS,PRICE
7843C8197RUS,LOPEZ
X791O796RUS,TAYLOR
H958HY161RUS,WATSON
708587163RUS,MORGAN
Y973O8197RUS,HERNANDEZ
97977H178RUS,THOMAS
H917TC36RUS,SMITH
Y7709C197RUS,ADAMS
8513XX154RUS,ADAMS
T870X7163RUS,SMITH
8818C877RUS,TORRES
T395OT197RUS,BAKER
K327T8197RUS,JOHNSON
8311XX154RUS,BAKER
X423MK197RUS,HOWARD
96429X178RUS,TORRES
O275O7161RUS,HUGHES
7789KT197RUS,COOK
E28877161RUS,COX
T6068M116RUS,CHAVEZ
9498KX178RUS,HALL
99209X178RUS,MARTIN
T6449O50RUS,COOPER
9683EC178RUS,MORRIS
Y353O8197RUS,GARCIA
O719MM163RUS,SCOTT
E535MM199RUS,TORRES
Y352O8197RUS,RAMOS
7788KT197RUS,TORRES
E807HE77RUS,BROWN
M516CH161RUS,RUIZ
89587X197RUS,COLLINS
7781KT197RUS,GOMEZ
E645TH36RUS,TAYLOR
Y302E877RUS,DIAZ
M058XE36RUS,ROBINSON
8166XX154RUS,GOMEZ
M589CH197RUS,DAVIS
9408H7178RUS,THOMAS
H387TM197RUS,RIVERA
8049HT125RUS,MORRIS
9698MO178RUS,DAVIS
8685HE154RUS,MORGAN
7177TT36RUS,RAMIREZ
O77997197RUS,HERNANDEZ
Y234E877RUS,GONZALEZ
97987H178RUS,MORALES
X257HE161RUS,GONZALEZ
T399KX197RUS,HILL
H957HY161RUS,HALL
K379HY161RUS,BAKER
T654HT96RUS,NELSON
8439XX154RUS,COX
Y965EE197RUS,LONG
X758HY197RUS,BENNETT
M0279X197RUS,JONES
H224X836RUS,JIMENEZ
E6849O154RUS,ALVAREZ
O83797197RUS,WARD
9402KK197RUS,GONZALEZ
7368C8197RUS,KIM
H427YH197RUS,HUGHES
9583EY178RUS,HALL
Y038E877RUS,STEWART
9822H8161RUS,HALL
7826C8197RUS,THOMPSON
E160YX77RUS,THOMPSON
82337X197RUS,MENDOZA
X757HY197RUS,GUTIERREZ
X765HY197RUS,MITCHELL
934497178RUS,LONG
K2807K154RUS,ALVAREZ
T8008Y125RUS,JAMES
Y960EE197RUS,GREEN
7840C8197RUS,ANDERSON
K846YE77RUS,GARCIA
7827C8197RUS,ROBERTS
Y655E8750RUS,EDWARDS
H003MH197RUS,BROWN
Y7699C197RUS,SCOTT
Y8399C197RUS,KIM
9135X938RUS,EVANS
H385TM197RUS,GONZALEZ
9428EX178RUS,BROWN
H837YK197RUS,PRICE
O83597197RUS,REED
E42577152RUS,TORRES
E53277152RUS,CAMPBELL
C476M7161RUS,PEREZ
9943KK197RUS,JAMES
8165XX154RUS,RICHARDSON
T476KX197RUS,FLORES
C422X938RUS,RAMIREZ
K328T8197RUS,RIVERA
9466EX178RUS,EVANS
X256HE161RUS,LOPEZ
Y275O8197RUS,ORTIZ
H217X836RUS,ADAMS
Y316E877RUS,RUIZ
8601XX154RUS,GONZALEZ
M741T9152RUS,RUIZ
9883HX152RUS,KIM
Y6829Y50RUS,MITCHELL
H004MH197RUS,REED
704987163RUS,COOK
E316EH197RUS,LOPEZ
O22297197RUS,ANDERSON
O02597197RUS,JACKSON
X015HY197RUS,BAKER
T769OT197RUS,FOSTER
Y778EE197RUS,COOK
7829C8197RUS,HERNANDEZ
T272HH163RUS,GARCIA
T018OX197RUS,PEREZ
Y255E877RUS,JONES
9697MO178RUS,WRIGHT
T686EO197RUS,DIAZ
C590EY154RUS,GOMEZ
T941CC96RUS,GARCIA
O22397197RUS,WHITE
X242EC197RUS,CAMPBELL
T020OX197RUS,MARTINEZ
E33577152RUS,CASTILLO
E773EH197RUS,JOHNSON
T6428M116RUS,NELSON
Y7129Y50RUS,REYES
Y418EX197RUS,HUGHES
Y7689C197RUS,JIMENEZ
E52877152RUS,ROBINSON
7369C8197RUS,SANCHEZ
Y166O8161RUS,ANDERSON
705287163RUS,NGUYEN
K559KC161RUS,PARKER
M0299X197RUS,WHITE
84418C154RUS,KIM
E53488152RUS,WATSON
90159H178RUS,ROGERS
C798ET50RUS,BENNETT
Y193O8161RUS,STEWART
7248C8197RUS,ANDERSON
K357YE77RUS,KING
E0697X152RUS,TAYLOR
E40877152RUS,THOMPSON
Y351O8197RUS,WALKER
Y356O8197RUS,HERNANDEZ
O6939X163RUS,MARTINEZ
Y7649C197RUS,GOMEZ
9935TE152RUS,THOMPSON
704687163RUS,LOPEZ
7197TT36RUS,WATSON
O143HO197RUS,DIAZ
K436MO152RUS,KIM
9938OH154RUS,JOHNSON
E34877152RUS,MYERS
E5878M777RUS,PRICE
7844C8197RUS,HARRIS
C584EY154RUS,HUGHES
E28977161RUS,TURNER
T016OX197RUS,WRIGHT
H889YK197RUS,WILSON
7363C8197RUS,HUGHES
T6039O50RUS,GRAY
7365C8197RUS,FLORES
Y967O8197RUS,STEWART
E816HE77RUS,SANDERS
T6329O50RUS,CASTILLO
X504X8197RUS,ROSS
M581CH197RUS,JOHNSON
X523OM161RUS,PRICE
C412X938RUS,RUIZ
7831C8197RUS,JACKSON
8164XX154RUS,RODRIGUEZ
T6419O50RUS,CRUZ
E822TH36RUS,PEREZ
8437XX154RUS,NELSON
C515X938RUS,KING
7172TT36RUS,RAMOS
8436XX154RUS,LEWIS
E79988152RUS,GONZALEZ
8180XX154RUS,WATSON
84438C154RUS,ROGERS
T6309O50RUS,LONG
T6129O50RUS,ALLEN
K339T8197RUS,BENNETT
X782CO96RUS,THOMPSON
E591HE77RUS,CLARK
9499KX178RUS,MENDOZA
Y357O8197RUS,HERNANDEZ
Y652O8197RUS,SANDERS
X767HY197RUS,GOMEZ
H220X836RUS,JAMES
H218X836RUS,BAKER
T913CT197RUS,ROBINSON
T6439O50RUS,WARD
7784KT197RUS,WARD
X286TC36RUS,JAMES
O752MX161RUS,KELLY
Y7449Y50RUS,TORRES
92828M178RUS,ROGERS
Y650E8750RUS,ORTIZ
8321XX154RUS,EDWARDS
8316XX154RUS,NGUYEN
T017OX197RUS,COX
H977HY161RUS,GONZALEZ
X522OM161RUS,FOSTER
O085E8197RUS,GRAY
705387163RUS,MYERS
O017KO197RUS,ADAMS
X4138H125RUS,GRAY
8441XX154RUS,ROGERS
M0269X197RUS,ROBERTS
T483CT96RUS,HALL
T940CC96RUS,MARTINEZ
C58078163RUS,GRAY
O02397197RUS,TAYLOR
8611T8154RUS,GONZALEZ
704787163RUS,ORTIZ
C313MM99RUS,CHAVEZ
X763HY197RUS,MARTINEZ
M386M9197RUS,MENDOZA
8605T8154RUS,YOUNG
7147OE161RUS,MENDOZA
7361C8197RUS,BROWN
Y359EY197RUS,ANDERSON
T6559O50RUS,ORTIZ
9469EX178RUS,PHILLIPS
Y6839Y50RUS,RAMOS
H237YH197RUS,HUGHES
T948OM96RUS,CARTER
T395KX197RUS,ROGERS
M301CH161RUS,BAILEY
9496KX178RUS,ANDERSON
T6319O50RUS,FLORES
H305T8197RUS,JAMES
8201XX154RUS,COLLINS
O64297197RUS,LEWIS
9523M8178RUS,PARKER
Y273O8197RUS,BROOKS
T6229O50RUS,GONZALEZ
X023HY197RUS,STEWART
8226XX154RUS,ADAMS
Y038TO197RUS,ROBERTS
M0289X197RUS,SANDERS
E811HE77RUS,EDWARDS
X795O796RUS,LONG
O39997197RUS,RODRIGUEZ
97968K152RUS,STEWART
H219X836RUS,KING
T6169O50RUS,SMITH
94178K154RUS,ROSS
9467EX178RUS,COOK
O78097197RUS,CHAVEZ
X5707X161RUS,PARKER
Y232E877RUS,ROBINSON
Y388E877RUS,BAILEY
X255HE161RUS,MORGAN
E552MO152RUS,GREEN
97998K152RUS,MILLER
Y963O8197RUS,NGUYEN
T477KX197RUS,ALLEN
T2639T116RUS,COOPER
O49797197RUS,WRIGHT
O68897197RUS,COOK
72457Y96RUS,RIVERA
7064C8197RUS,WALKER
E948C8152RUS,SMITH
C514X938RUS,WATSON
C589EY154RUS,ROSS
K899T8197RUS,TAYLOR
T6418M116RUS,PRICE
8607XX154RUS,HALL
92778M178RUS,BAKER
T288CT96RUS,WILLIAMS
9886HX152RUS,CLARK
C583EY154RUS,STEWART
C592EY154RUS,MARTINEZ
T6459O50RUS,ROGERS
X759HY197RUS,HILL
705787163RUS,CAMPBELL
92898M178RUS,JONES
9671EC178RUS,CAMPBELL
M302CH161RUS,THOMAS
M578CH197RUS,PEREZ
Y207O8161RUS,SCOTT
96659X178RUS,SCOTT
T912CT197RUS,HOWARD
7183TT36RUS,ORTIZ
89557X197RUS,MENDOZA
Y359O8197RUS,WILSON
K2817K154RUS,MOORE
Y964O8197RUS,COOK
H967HY161RUS,FOSTER
E394MO152RUS,HOWARD
O50699163RUS,ALVAREZ
9463EX178RUS,JOHNSON
E53677152RUS,BROWN
K338T8197RUS,PARKER
Y4298M777RUS,RICHARDSON
Y687HM197RUS,KING
98037H178RUS,JACKSON
7828C8197RUS,TURNER
H980HY161RUS,NELSON
H906YK197RUS,GARCIA
7199MT197RUS,SANCHEZ
X908XC197RUS,REYES
T171CC96RUS,CRUZ
X4108H125RUS,JACKSON
Y966O8197RUS,GARCIA
K2797K154RUS,FOSTER
7089H8163RUS,JONES
7841C8197RUS,JIMENEZ
9940KK197RUS,PRICE
H971HY161RUS,ROBINSON
H844YH197RUS,WHITE
E33477152RUS,SCOTT
Y156E877RUS,NGUYEN
E396MO152RUS,WARD
Y969O8197RUS,REYES
9028CO161RUS,GREEN
T6249O50RUS,JAMES
E42377152RUS,PEREZ
9941KK197RUS,GONZALEZ
M372CH197RUS,LEWIS
K040CC197RUS,PETERSON
E41577152RUS,BROWN
9763HY161RUS,JIMENEZ
T535ET96RUS,ROBERTS
H961HY161RUS,GREEN
M2169X197RUS,BAKER
8234XX154RUS,KELLY
O83697197RUS,JACKSON
E52677152RUS,STEWART
8451M7154RUS,LOPEZ
9589EY178RUS,JIMENEZ
H907YK197RUS,BAILEY
O39897197RUS,LONG
M3879X197RUS,WOOD
C299K9154RUS,MITCHELL
9468EX178RUS,BENNETT
M375CH197RUS,SMITH
H982HY161RUS,NELSON
8224XX154RUS,GREEN
Y653E8750RUS,NGUYEN
K558KC161RUS,THOMPSON
O058M7161RUS,GREEN
M256OH161RUS,WATSON
T242H8197RUS,PETERSON
K27188138RUS,MOORE
96629X178RUS,HOWARD
9881HX152RUS,HERNANDEZ
T479KX197RUS,WRIGHT
M680T9152RUS,COLLINS
C410X938RUS,MORRIS
X762HY197RUS,GOMEZ
9470EX178RUS,CLARK
X4128H125RUS,PEREZ
9762HY161RUS,PATEL
H419XE197RUS,WOOD
98017H178RUS,JONES
Y780EE197RUS,ROBINSON
M580CH197RUS,TAYLOR
9943OH154RUS,GUTIERREZ
Y354O8197RUS,CASTILLO
7065C8197RUS,MARTIN
E28777161RUS,RUIZ
M701T9152RUS,SANDERS
E577HE77RUS,LOPEZ
92788M178RUS,HERNANDEZ
9072EM178RUS,JACKSON
9409H7178RUS,NGUYEN
C3829X154RUS,JOHNSON
T478KX197RUS,PARKER
T119CT96RUS,PRICE
708487163RUS,BAKER
H983HY161RUS,MYERS
7842C8197RUS,RAMOS
O64097197RUS,HALL
Y693HM197RUS,PATEL
96857X197RUS,PATEL
T394KX197RUS,WILSON
O49897197RUS,RUIZ
H963X936RUS,HUGHES
T341CC96RUS,KIM
9942KK197RUS,KING
9141H8178RUS,ANDERSON
7370C8197RUS,COLLINS
9890HX152RUS,LOPEZ
M268CH197RUS,DAVIS
C419X938RUS,ROSS
M0319X197RUS,SCOTT
M577CH197RUS,RICHARDSON
H975HY161RUS,WATSON
X018HY197RUS,ADAMS
E33177152RUS,MYERS
9491H7178RUS,MORALES
M374CH197RUS,WATSON
96679X178RUS,RAMOS
9594HY161RUS,MOORE
83218C154RUS,COLLINS
9764HY161RUS,KELLY
708187163RUS,HARRIS
H908YK197RUS,NGUYEN
Y656E8750RUS,RUIZ
9679EC178RUS,LEE
C803KE163RUS,PATEL
Y7379Y50RUS,COLLINS
X320MK197RUS,WILSON
96907X197RUS,CLARK
H235YH197RUS,MORALES
9474EX178RUS,DIAZ
Y8259C197RUS,ALVAREZ
E29577161RUS,EVANS
X761HY197RUS,CRUZ
T396KX197RUS,BENNETT
C593EY154RUS,CLARK
Y164O8161RUS,JAMES
M942OT152RUS,WILSON
Y7429Y50RUS,MITCHELL
H976HY161RUS,PHILLIPS
Y195O8161RUS,ANDERSON
O669E8197RUS,SCOTT
Y187O8161RUS,CLARK
K329T8197RUS,SCOTT
9677MO178RUS,WILLIAMS
9939KK197RUS,REYES
M373CH197RUS,MYERS
7164YM36RUS,ALLEN
O753MX161RUS,COOPER
T6488M116RUS,MORRIS
98047H178RUS,LEE
9488EY178RUS,TAYLOR
O481OH77RUS,KING
K326T8197RUS,GREEN
X796TH96RUS,JONES
Y358O8197RUS,SMITH
C420X938RUS,PEREZ
Y965O8197RUS,COX
Y274O8197RUS,THOMAS
E223YM197RUS,MARTINEZ
Y964EE197RUS,TORRES
T6049O50RUS,MOORE
H259HY161RUS,BAILEY
Y344E877RUS,HERNANDEZ
K889HY161RUS,PHILLIPS
H214X836RUS,ADAMS
O421OT161RUS,HARRIS
7360C8197RUS,REYES
Y194O8161RUS,GRAY
T6359O50RUS,COLLINS
E29677161RUS,EDWARDS
T020MM116RUS,PETERSON
9502XX38RUS,ROSS
8521XX154RUS,CHAVEZ
K376HE161RUS,JONES
7193TT36RUS,BROOKS
O785T9163RUS,COOPER
H618YC38RUS,TORRES
9068EM178RUS,FOSTER
7783KT197RUS,CASTILLO
Y305E877RUS,JACKSON
E881OT197RUS,NELSON
O718MM163RUS,GREEN
9975CC77RUS,WATSON
T195OK161RUS,EDWARDS
T914CT197RUS,HALL
E41977152RUS,TAYLOR
9464EX178RUS,STEWART
O50197197RUS,MARTINEZ
7608EE777RUS,RIVERA
704687163RUS,LOPEZ
97968K152RUS,STEWART
82337X197RUS,MENDOZA
